{
    "name": "Ti-6Al-4V",
    "density": 1,
    "Young_modulus": 104000.0,
    "Poisson_ratio": 0.35,
    "plastic": [[
    915.302610315806, 0.0], [923.782305619989, 0.00252525252525253], [
    931.858019059606, 0.00505050505050505], [939.567323242512,
    0.00757575757575758], [946.942220019862, 0.0101010101010101], [
    954.0102494094, 0.0126262626262626], [960.795330934008,
    0.0151515151515152], [967.31841174419, 0.0176767676767677], [
    973.597972776577, 0.0202020202020202], [979.650428962764,
    0.0227272727272727], [985.49044924186, 0.0252525252525253], [
    991.131215086419, 0.0277777777777778], [996.584631331203,
    0.0303030303030303], [1001.86149960238, 0.0328282828282828], [
    1006.97166213041, 0.0353535353535354], [1011.92412189499,
    0.0378787878787879], [1016.72714369522, 0.0404040404040404], [
    1021.38833972509, 0.0429292929292929], [1025.91474247018,
    0.0454545454545455], [1030.31286715786, 0.047979797979798], [
    1034.58876554518, 0.0505050505050505], [1038.74807248004,
    0.053030303030303], [1042.796046399, 0.0555555555555556], [
    1046.73760471052, 0.0580808080808081], [1050.57735484172,
    0.0606060606060606], [1054.31962159085, 0.0631313131313131], [
    1057.96847131807, 0.0656565656565657], [1061.52773341843,
    0.0681818181818182], [1065.00101944912, 0.0707070707070707], [
    1068.391740224, 0.0732323232323232], [1071.70312113992,
    0.0757575757575758], [1074.93821595962, 0.0782828282828283], [
    1078.09991924234, 0.0808080808080808], [1081.1909775861,
    0.0833333333333333], [1084.21399982213, 0.0858585858585859], [
    1087.1714662825, 0.0883838383838384], [1090.0657372458,
    0.0909090909090909], [1092.89906065158, 0.0934343434343434], [
    1095.67357916251, 0.095959595959596], [1098.39133664338,
    0.0984848484848485], [1101.05428411698, 0.101010101010101], [
    1103.66428525012, 0.103535353535354], [1106.22312141611,
    0.106060606060606], [1108.73249637493, 0.108585858585859], [
    1111.19404060737, 0.111111111111111], [1113.60931533547,
    0.113636363636364], [1115.97981625771, 0.116161616161616], [
    1118.30697702463, 0.118686868686869], [1120.59217247756,
    0.121212121212121], [1122.83672167087, 0.123737373737374], [
    1125.04189069589, 0.126262626262626], [1127.2088953231, 0.128787878787879],
    [1129.33890347717, 0.131313131313131], [1131.43303755822,
    0.133838383838384], [1133.49237662138, 0.136363636363636], [
    1135.51795842547, 0.138888888888889], [1137.51078136074,
    0.141414141414141], [1139.47180626449, 0.143939393939394], [
    1141.40195813295, 0.146464646464646], [1143.30212773663,
    0.148989898989899], [1145.17317314614, 0.151515151515152], [
    1147.01592117443, 0.154040404040404], [1148.83116874139,
    0.156565656565657], [1150.61968416583, 0.159090909090909], [
    1152.38220838968, 0.161616161616162], [1154.11945613888,
    0.164141414141414], [1155.83211702487, 0.166666666666667], [
    1157.52085659046, 0.169191919191919], [1159.18631730367,
    0.171717171717172], [1160.82911950244, 0.174242424242424], [
    1162.44986229345, 0.176767676767677], [1164.04912440754,
    0.179292929292929], [1165.62746501445, 0.181818181818182], [
    1167.18542449915, 0.184343434343434], [1168.72352520185,
    0.186868686868687], [1170.24227212398, 0.189393939393939], [
    1171.74215360172, 0.191919191919192], [1173.22364194918,
    0.194444444444444], [1174.68719407255, 0.196969696969697], [
    1176.13325205704, 0.19949494949495], [1177.56224372789, 0.202020202020202],
    [1178.97458318687, 0.204545454545455], [1180.37067132552,
    0.207070707070707], [1181.75089631628, 0.20959595959596], [
    1183.11563408273, 0.212121212121212], [1184.46524874985,
    0.214646464646465], [1185.8000930754, 0.217171717171717], [
    1187.12050886329, 0.21969696969697], [1188.42682735982, 0.222222222222222],
    [1189.7193696336, 0.224747474747475], [1190.99844694, 0.227272727272727], [
    1192.26436107073, 0.22979797979798], [1193.5174046894, 0.232323232323232],
    [1194.75786165351, 0.234848484848485], [1195.98600732376,
    0.237373737373737], [1197.20210886099, 0.23989898989899], [
    1198.40642551147, 0.242424242424242], [1199.599208881, 0.244949494949495],
    [1200.78070319841, 0.247474747474747], [1201.95114556872, 0.25]],
  "plasticJohnsonCook": [460.0, 1450.0, 1.31, 0.85, 1500.0, 1000.0]
}