{
  "name": "VeroClear",
  "density": 1.18E-9,
  "Young_modulus": 1013.0,
  "Poisson_ratio": 0.3,
  "plastic": [[52.083919, 0.0], [52.364393, 0.000393], [52.644942, 0.000786], [
              52.925535, 0.001179], [53.206135, 0.001573], [53.486792, 0.001966], [
              53.767506, 0.002359], [54.047779, 0.002752], [54.320831, 0.003145], [
              54.593958, 0.003538], [54.867192, 0.003931], [55.13641, 0.004324], [
              55.401764, 0.004718], [55.667434, 0.005111], [55.93117, 0.005504], [
              56.187989, 0.005897], [56.444688, 0.00629], [56.695173, 0.006683], [
              56.930235, 0.007076], [57.158894, 0.007469], [57.38628, 0.007863], [
              57.612634, 0.008256], [57.825344, 0.008649], [58.034932, 0.009042], [
              58.225679, 0.009435], [58.401828, 0.009828], [58.567902, 0.010221], [
              58.742359, 0.010614], [58.911113, 0.011008], [59.073333, 0.011401], [
              59.226014, 0.011794], [59.355004, 0.012187], [59.459014, 0.01258], [
              59.580541, 0.012973], [59.695785, 0.013366], [59.803716, 0.013759], [
              59.905696, 0.014153], [60.000928, 0.014546], [60.079883, 0.014939], [
              60.158594, 0.015332], [60.229006, 0.015725], [60.289706, 0.016118], [
              60.348272, 0.016511], [60.406485, 0.016904], [60.459343, 0.017298], [
              60.509, 0.017691], [60.555641, 0.018084], [60.594939, 0.018477], [
              60.626346, 0.01887], [60.651612, 0.019263], [60.676876, 0.019656], [
              60.702135, 0.020049], [60.727406, 0.020443], [60.751802, 0.020836], [
              60.775612, 0.021229], [60.799422, 0.021622], [60.823233, 0.022015], [
              60.847043, 0.022408], [60.870853, 0.022801], [60.894664, 0.023194], [
              60.918474, 0.023588], [60.942284, 0.023981], [60.966095, 0.024374], [
              60.989905, 0.024767], [61.013715, 0.02516], [61.037525, 0.025553], [
              61.061336, 0.025946], [61.085146, 0.026339], [61.108956, 0.026733], [
              61.132767, 0.027126], [61.156577, 0.027519], [61.180387, 0.027912], [
              61.204198, 0.028305], [61.228008, 0.028698], [61.251818, 0.029091], [
              61.275629, 0.029484], [61.299439, 0.029878], [61.323249, 0.030271], [
              61.34706, 0.030664], [61.37087, 0.031057], [61.39468, 0.03145], [61.418491,
              0.031843], [61.442301, 0.032236], [61.466111, 0.032629], [61.489922,
              0.033023], [61.513732, 0.033416], [61.537542, 0.033809], [61.561353,
              0.034202], [61.585163, 0.034595], [61.608973, 0.034988], [61.632784,
              0.035381], [61.656594, 0.035774], [61.680404, 0.036168], [61.704215,
              0.036561], [61.728025, 0.036954], [61.751835, 0.037347], [61.775645,
              0.03774], [61.799456, 0.038133], [61.823266, 0.038526], [61.847076,
              0.03892], [61.870887, 0.039313]]
}